{
    "name": "root",
    "gauges": {
        "SkeletonAgent.Policy.Entropy.mean": {
            "value": 2.0785202980041504,
            "min": 2.0785202980041504,
            "max": 2.1130669116973877,
            "count": 16
        },
        "SkeletonAgent.Policy.Entropy.sum": {
            "value": 21284.046875,
            "min": 20037.83984375,
            "max": 21637.8046875,
            "count": 16
        },
        "SkeletonAgent.Environment.EpisodeLength.mean": {
            "value": 4823.0,
            "min": 110.66666666666667,
            "max": 4823.0,
            "count": 5
        },
        "SkeletonAgent.Environment.EpisodeLength.sum": {
            "value": 4823.0,
            "min": 332.0,
            "max": 4823.0,
            "count": 5
        },
        "SkeletonAgent.Step.mean": {
            "value": 159993.0,
            "min": 9999.0,
            "max": 159993.0,
            "count": 16
        },
        "SkeletonAgent.Step.sum": {
            "value": 159993.0,
            "min": 9999.0,
            "max": 159993.0,
            "count": 16
        },
        "SkeletonAgent.Policy.ExtrinsicValueEstimate.mean": {
            "value": -0.5050631761550903,
            "min": -0.5050631761550903,
            "max": 0.1923445463180542,
            "count": 16
        },
        "SkeletonAgent.Policy.ExtrinsicValueEstimate.sum": {
            "value": -79.294921875,
            "min": -79.294921875,
            "max": 30.390438079833984,
            "count": 16
        },
        "SkeletonAgent.Environment.CumulativeReward.mean": {
            "value": -35.36700142920017,
            "min": -35.36700142920017,
            "max": -2.338333308696747,
            "count": 5
        },
        "SkeletonAgent.Environment.CumulativeReward.sum": {
            "value": -35.36700142920017,
            "min": -35.36700142920017,
            "max": -7.0149999260902405,
            "count": 5
        },
        "SkeletonAgent.Policy.ExtrinsicReward.mean": {
            "value": -35.36700142920017,
            "min": -35.36700142920017,
            "max": -2.338333308696747,
            "count": 5
        },
        "SkeletonAgent.Policy.ExtrinsicReward.sum": {
            "value": -35.36700142920017,
            "min": -35.36700142920017,
            "max": -7.0149999260902405,
            "count": 5
        },
        "SkeletonAgent.IsTraining.mean": {
            "value": 1.0,
            "min": 1.0,
            "max": 1.0,
            "count": 16
        },
        "SkeletonAgent.IsTraining.sum": {
            "value": 1.0,
            "min": 1.0,
            "max": 1.0,
            "count": 16
        },
        "SkeletonAgent.Losses.PolicyLoss.mean": {
            "value": 0.023887727526016533,
            "min": 0.01929340501859163,
            "max": 0.030849590911671068,
            "count": 15
        },
        "SkeletonAgent.Losses.PolicyLoss.sum": {
            "value": 0.023887727526016533,
            "min": 0.01929340501859163,
            "max": 0.030849590911671068,
            "count": 15
        },
        "SkeletonAgent.Losses.ValueLoss.mean": {
            "value": 0.001097247377038002,
            "min": 0.0008510586689226329,
            "max": 0.02535553810497125,
            "count": 15
        },
        "SkeletonAgent.Losses.ValueLoss.sum": {
            "value": 0.001097247377038002,
            "min": 0.0008510586689226329,
            "max": 0.02535553810497125,
            "count": 15
        },
        "SkeletonAgent.Policy.LearningRate.mean": {
            "value": 0.00025204051598650003,
            "min": 0.00025204051598650003,
            "max": 0.0002969235010255,
            "count": 15
        },
        "SkeletonAgent.Policy.LearningRate.sum": {
            "value": 0.00025204051598650003,
            "min": 0.00025204051598650003,
            "max": 0.0002969235010255,
            "count": 15
        },
        "SkeletonAgent.Policy.Epsilon.mean": {
            "value": 0.18401349999999994,
            "min": 0.18401349999999994,
            "max": 0.19897450000000003,
            "count": 15
        },
        "SkeletonAgent.Policy.Epsilon.sum": {
            "value": 0.18401349999999994,
            "min": 0.18401349999999994,
            "max": 0.19897450000000003,
            "count": 15
        },
        "SkeletonAgent.Policy.Beta.mean": {
            "value": 0.00420227365,
            "min": 0.00420227365,
            "max": 0.0049488275500000015,
            "count": 15
        },
        "SkeletonAgent.Policy.Beta.sum": {
            "value": 0.00420227365,
            "min": 0.00420227365,
            "max": 0.0049488275500000015,
            "count": 15
        }
    },
    "metadata": {
        "timer_format_version": "0.1.0",
        "start_time_seconds": "1748959655",
        "python_version": "3.9.21 (main, Dec 11 2024, 16:35:24) [MSC v.1929 64 bit (AMD64)]",
        "command_line_arguments": "C:\\Users\\tjorv\\anaconda3\\envs\\MlAgent\\Scripts\\mlagents-learn config/skeletonAgent.yaml --run-id=SkeletonFight018",
        "mlagents_version": "0.30.0",
        "mlagents_envs_version": "0.30.0",
        "communication_protocol_version": "1.5.0",
        "pytorch_version": "1.7.1+cu110",
        "numpy_version": "1.21.2",
        "end_time_seconds": "1748959895"
    },
    "total": 239.68682520000002,
    "count": 1,
    "self": 0.006350200000014183,
    "children": {
        "run_training.setup": {
            "total": 0.14017750000000007,
            "count": 1,
            "self": 0.14017750000000007
        },
        "TrainerController.start_learning": {
            "total": 239.5402975,
            "count": 1,
            "self": 0.1285697000002699,
            "children": {
                "TrainerController._reset_env": {
                    "total": 11.017652,
                    "count": 1,
                    "self": 11.017652
                },
                "TrainerController.advance": {
                    "total": 228.29379689999973,
                    "count": 5322,
                    "self": 0.12682879999997,
                    "children": {
                        "env_step": {
                            "total": 168.59494139999987,
                            "count": 5322,
                            "self": 139.8884918000006,
                            "children": {
                                "SubprocessEnvManager._take_step": {
                                    "total": 28.62375889999972,
                                    "count": 5322,
                                    "self": 0.49575489999988065,
                                    "children": {
                                        "TorchPolicy.evaluate": {
                                            "total": 28.12800399999984,
                                            "count": 5314,
                                            "self": 28.12800399999984
                                        }
                                    }
                                },
                                "workers": {
                                    "total": 0.08269069999956002,
                                    "count": 5321,
                                    "self": 0.0,
                                    "children": {
                                        "worker_root": {
                                            "total": 168.7694043999992,
                                            "count": 5321,
                                            "is_parallel": true,
                                            "self": 102.84210489999923,
                                            "children": {
                                                "steps_from_proto": {
                                                    "total": 0.008102500000001456,
                                                    "count": 1,
                                                    "is_parallel": true,